Name,Survived
"Abbing, Mr. Anthony",0
"Abbott, Mr. Ernest Owen",0
"Abbott, Mr. Eugene Joseph",0
"Abbott, Mr. Rossmore Edward",0
"Abelson, Mr. Samuel",0
"Abrams, Mr. William Thomas",0
"Adams, Mr. John",0
"Adams, Mr. Robert John",0
"Ahier, Mr. Percy Snowden",0
"Ahlin, Mrs. Johanna Persdotter",0
"Akerman, Mr. Albert Edward",0
"Akerman, Mr. Joseph Francis",0
"Aldworth, Mr. Augustus Henry",0
"Alexander, Mr. William",0
"Alhomäki, Mr. Ilmari Rudolf",0
"Ali, Mr. Ahmed",0
"Ali, Mr. William",0
"Allaria, Sig.. Battista Antonio",0
"Allen, Mr. Frederick",0
"Allen, Mr. George",0
"Allen, Mr. Henry",0
"Allen, Mr. Robert Spencer",0
"Allen, Mr. William Henry",0
"Allison, Miss. Helen Loraine",0
"Allison, Mr. Hudson Joshua Creighton",0
"Allison, Mrs. Bessie Waldo",0
"Allsop, Mr. Alfred Samuel",0
"Allsop, Mr. Frank Richard",0
"Allum, Mr. Owen George",0
"Andersen, Mr. Albert Karvin",0
"Anderson, Mr. Walter Yuill",0
"Andersson, Master. Sigvard Harald Elias",0
"Andersson, Miss. Ebba Iris Alfrida",0
"Andersson, Miss. Ellis Anna Maria",0
"Andersson, Miss. Ida Augusta Margareta",0
"Andersson, Miss. Ingeborg Constanzia",0
"Andersson, Miss. Sigrid Elisabeth",0
"Andersson, Mr. Anders Johan",0
"Andersson, Mr. Johan Samuel",0
"Andersson, Mrs. Alfrida Konstantia Brogren",0
"Andreasson, Mr. Paul Edvin",0
"Andrew, Mr. Edgar Samuel",0
"Andrew, Mr. Frank Thomas",0
"Andrews, Mr. Thomas",0
"Angheloff, Mr. Minko",0
"Angle, Mr. William A.",0
"Arnold-franchi, Mr. Josef",0
"Arnold-franchi, Mrs. Josefine",0
"Aronsson, Mr. Ernst Axel Algot",0
"Artagaveytia, Mr. Ramon",0
"Ashby, Mr. John",0
"Ashcroft, Mr. Austin Aloysius",0
"Ashe, Mr. Henry Wellesley",0
"Asim, Mr. Adola",0
"Aspeslagh, Mr. Georges",0
"Asplund, Master. Carl Edgar",0
"Asplund, Master. Clarence Gustaf Hugo",0
"Asplund, Master. Filip Oscar",0
"Asplund, Mr. Carl Oscar Vilhelm Gustafsson",0
"Assam, Mr. Ali",0
"Astor, Colonel. John Jacob",0
"Attala, Mr. Sleiman",0
"Attalah, Miss. Malake",0
"Augustsson, Mr. Albert",0
"Ayling, Mr. Edwin George",0
"Baccos, Mr. Raffull",0
"Back, Mr. Charles Frederick",0
"Backström, Mr. Karl Alfred",0
"Badt, Mr. Mohamed",0
"Bagley, Mr. Edward Henry",0
"Bailey, Mr. George Francis",0
"Bailey, Mr. George W.",0
"Bailey, Mr. Percy",0
"Bainbrigge, Mr. Charles Robert",0
"Baines, Mr. Richard",0
"Balkic, Mr. Cerin",0
"Banfi, Sig.. Ugo",0
"Banfield, Mr. Frederick James",0
"Bannon, Mr. John Joseph",0
"Barbara, Miss. Saiide",0
"Barbara, Mrs. Catherine David",0
"Barker, Mr. Albert Vale",0
"Barker, Mr. Ernest Thomas",0
"Barker, Mr. Reginald Lomond",0
"Barlow, Mr. Charles",0
"Barlow, Mr. George",0
"Barnes, Mr. Charles",0
"Barnes, Mr. Frederick Charles",0
"Barnes, Mr. John",0
"Barratt, Mr. Arthur",0
"Barrett, Mr. Frederick William",0
"Barringer, Mr. Arthur William",0
"Barrow, Mr. Charles Henry John Barrow",0
"Barrows, Mr. William",0
"Barry, Miss. Julia",0
"Barton, Mr. David John",0
"Barton, Mr. Sidney John",0
"Basilico, Sig.. Giovanni",0
"Bateman, Fr. Robert James",0
"Baumann, Mr. John D.",0
"Baxter, Mr. Harry Ross",0
"Baxter, Mr. Quigg Edmond",0
"Baxter, Mr. Thomas Ferguson",0
"Bazzi, Sig.. Narciso",0
"Beattie, Mr. Joseph",0
"Beattie, Mr. Thomson",0
"Beauchamp, Mr. Henry James",0
"Beavan, Mr. William Thomas",0
"Bedford, Mr. William Barnett",0
"Beedem, Mr. George Arthur",0
"Beere, Mr. William",0
"Bell, Mr. Joseph",0
"Bendell, Mr. Frank",0
"Bengtsson, Mr. Johan Viktor",0
"Benham, Mr. Fred John",0
"Bennett, Mr. George Alfred",0
"Benville, Mr. Edward",0
"Berglund, Mr. Karl Ivar Sven",0
"Bernardi, Sig.. Battista",0
"Berriman, Mr. William John",0
"Bessant, Mr. Edward",0
"Bessant, Mr. William Edward Lowe",0
"Best, Mr. Edwin Alfred",0
"Betros, Mr. Tannous",0
"Beux, Mr. David",0
"Bevis, Mr. Joseph Henry",0
"Biddlecombe, Mr. Reginald Charles",0
"Bietrix, Mr. George Baptiste",0
"Biggs, Mr. Edward Charles",0
"Billows, Mr. James",0
"Birkeland, Mr. Hans Martin Monsen",0
"Birnbaum, Mr. Jakob",0
"Bishop, Mr. Walter Alexander",0
"Björklund, Mr. Ernst Herbert",0
"Black, Mr. Alexander",0
"Black, Mr. D.",0
"Blackman, Mr. Albert Edward",0
"Blackwell, Mr. Stephen Weart",0
"Blake, Mr. Seaton",0
"Blake, Mr. Thomas Henry",0
"Blaney, Mr. James",0
"Blann, Mr. Eustace Horatius",0
"Blumet, Mr. Jean Baptiste",0
"Bochatay, Mr. Alexis Joseph",0
"Bochet, Mr. Pierre Giuseppe",0
"Bogie, Mr. Norman Leslie",0
"Bolhuis, Mr. Hendrik",0
"Bond, Mr. William John",0
"Boothby, Mr. Walter Thomas",0
"Borebank, Mr. John James",0
"Bostandyeff, Mr. Guentcho",0
"Boston, Mr. William John",0
"Botsford, Mr. William Hull",0
"Bott, Mr. William Thomas",0
"Boughton, Mr. Bernard John",0
"Boulos, Master. Akar",0
"Boulos, Miss. Nourelain",0
"Boulos, Mrs. Sultana",0
"Bourke, Miss. Mary",0
"Bourke, Mr. John",0
"Bourke, Mrs. Catherine",0
"Bowen, Mr. David John 'Dai'",0
"Bowenur, Mr. Solomon",0
"Boyd, Mr. John",0
"Boyes, Mr. John Henry",0
"Bracken, Mr. James H.",0
"Bradley, Mr. Patrick Joseph",0
"Bradley, Mr. T.",0
"Bradshaw, Mr. John Albert Perkin",0
"Brady, Mr. John Bertram",0
"Braf, Miss. Elin Ester Maria",0
"Brailey, Mr. William Theodore Ronald",0
"Brandeis, Mr. Emil",0
"Braund, Mr. Lewis Richard",0
"Braund, Mr. Owen Harris",0
"Brewe, Dr. Arthur Jackson",0
"Brewer, Mr. Harry",0
"Brewster, Mr. George Henry",0
"Briant, Mr. Albert",0
"Bricoux, Mr. Roger Marie",0
"Bristow, Mr. Harry",0
"Bristow, Mr. Robert Charles",0
"Brito, Mr. José Joaquim de",0
"Brobeck, Mr. Karl Rudolf",0
"Brocklebank, Mr. William Alfred",0
"Brookman, Mr. John Cress",0
"Brooks, Mr. J.",0
"Broom, Mr. Herbert George",0
"Broome, Mr. Athol Frederick",0
"Brown, Mr. John",0
"Brown, Mr. Joseph James",0
"Brown, Mr. Thomas William Solomon",0
"Brown, Mr. Walter James",0
"Bryhl, Mr. Kurt Arnold Gottfrid",0
"Buckley, Miss. Katherine",0
"Buckley, Mr. H. E.",0
"Bull, Mr. W.",0
"Bulley, Mr. Henry Ashburnham",0
"Bunnell, Mr. Wilfred James",0
"Burke, Mr. Jeremiah",0
"Burke, Mr. Richard Edward",0
"Burns, Miss. Mary Delia",0
"Burr, Mr. Ewart Sydenham",0
"Burroughs, Mr. Arthur Peckham",0
"Burton, Mr. Edward John",0
"Butler, Mr. Reginald Fenton",0
"Butt, Major. Archibald Willingham",0
"Butt, Mr. Robert Henry",0
"Butt, Mr. William John",0
"Butterworth, Mr. John",0
"Byles, Fr. Thomas Roussel Davids",0
"Byrne, Mr. James Edward",0
"Cacic, Miss. Manda",0
"Cacic, Miss. Marija",0
"Cacic, Mr. Jego Grga",0
"Cacic, Mr. Luka",0
"Cairns, Mr. Alexander Milne",0
"Calderwood, Mr. Hugh",0
"Calic, Mr. Jovo",0
"Calic, Mr. Petar",0
"Campbell, Mr. Donald S.",0
"Campbell, Mr. William Henry",0
"Canavan, Miss. Mary",0
"Canavan, Mr. Patrick",0
"Cann, Mr. Ernest Charles",0
"Canner, Mr. John",0
"Caram, Mr. Joseph",0
"Caram, Mrs. Maria Elias",0
"Carbines, Mr. William",0
"Carlsson, Mr. August Sigfrid",0
"Carlsson, Mr. Carl Robert",0
"Carlsson, Mr. Frans Olof",0
"Carney, Mr. William",0
"Carr, Miss. Jane",0
"Carr, Mr. Richard Stephen",0
"Carrau, Mr. Francisco Mauro Severiano",0
"Carraú-esteves, Mr. José Pedro",0
"Carter (ball), Mr. James (W.)",0
"Carter, Fr. Ernest Courtenay",0
"Carter, Mrs. Lilian",0
"Cartwright, Mr. James Edward",0
"Carver, Mr. Alfred John",0
"Casali, Sig.. Giulio",0
"Case, Mr. Howard Brown",0
"Casey, Mr. Thomas",0
"Casswill, Mr. Charles",0
"Castleman, Mr. Edward",0
"Caunt, Mr. William Ewart",0
"Cave, Mr. Herbert",0
"Cavendish, Mr. Tyrell William",0
"Cecil, Mr. Charles Thomas",0
"Celotti, Mr. Francesco",0
"Chaboisson, Mr. Adrien Finnin",0
"Chaffee, Mr. Herbert Fuller",0
"Chapman, Mr. Charles Henry",0
"Chapman, Mr. John Henry",0
"Chapman, Mrs. Sara Elizabeth",0
"Charman, Mr. John James",0
"Charters, Mr. David",0
"Cherrett, Mr. William Victor",0
"Cheverton, Mr. William Frederick",0
"Chisholm, Mr. Roderick Robert Crispin",0
"Chisnall, Mr. George Alexander",0
"Chitty, Mr. Archibald George",0
"Chitty, Mr. George Henry",0
"Chorley, Mr. John Henry",0
"Christmann, Mr. Emil",0
"Christmas, Mr. Herbert Harry",0
"Chronopoulos, Mr. Apostolos M.",0
"Chronopoulos, Mr. Dimitrios M.",0
"Clark, Mr. Walter Miller",0
"Clarke, Mr. Charles Valentine",0
"Clarke, Mr. John Frederick Preston",0
"Clench, Mr. George James",0
"Clifford, Mr. George Quincy",0
"Coe, Mr. Harry",0
"Coelho, Mr. Domingos Fernandeo",0
"Colbert, Mr. Patrick",0
"Coleff, Mr. Satio",0
"Coleman, Mr. Albert Edward",0
"Coleman, Mr. John",0
"Coleridge, Mr. Reginald Charles",0
"Collander, Mr. Erik Gustaf",0
"Colley, Mr. Edward Pomeroy",0
"Collyer, Mr. Harvey",0
"Coltcheff, Mr. Peju",0
"Compton, Mr. Alexander Taylor jr",0
"Conlin, Mr. Thomas Henry",0
"Connaghton, Mr. Michael",0
"Connolly, Miss. Kate",0
"Connors, Mr. Patrick",0
"Conway, Mr. Percy Walter",0
"Cook, Mr. George",0
"Cook, Mr. Jacob",0
"Coombs, Mr. Charles Augustus",0
"Cooper, Mr. Harry",0
"Cooper, Mr. James Edward",0
"Copperthwaite, Mr. Albert Harry",0
"Cor, Mr. Bartol",0
"Cor, Mr. Ivan",0
"Cor, Mr. Liudevit",0
"Corben, Mr. Ernest Theodore",0
"Corbett, Mrs. Irene",0
"Corcoran, Mr. Denny",0
"Corey, Mrs. Mary Phyllis Elizabeth",0
"Corn, Mr. Harry",0
"Cornaire, Mr. Marcel Raymond André",0
"Cotterill, Mr. Henry ""Harry""",0
"Cotton, Mr. Alfred",0
"Couch, Mr. Frank",0
"Couch, Mr. Joseph Henry",0
"Coutin, Mr. Auguste Louis",0
"Cox, Mr. William Denton",0
"Coxon, Mr. Daniel",0
"Coy, Mr. Francis Ernest George",0
"Crabb, Mr. Henry James",0
"Crafton, Mr. John Bertram",0
"Crease, Mr. Ernest James",0
"Creese, Mr. Henry Philip",0
"Cribb, Mr. John Hatfield",0
"Crisp, Mr. Albert Hector",0
"Crispin, Mr. William",0
"Crosbie, Mr. John Borthwick",0
"Crosby, Captain. Edward Gifford",0
"Cross, Mr. William Alfred",0
"Crovella, Sig.. Luigi",0
"Crumplin, Mr. Charles George Chandler",0
"Culumovic, Mr. Jeso",0
"Cumings, Mr. John Bradley",0
"Cunningham, Mr. Alfred Fleming",0
"Cunningham, Mr. B.",0
"Curtis, Mr. Arthur",0
"Daher, Mr. Tannous",0
"Dahlberg, Miss. Gerda Ulrika",0
"Dakic, Mr. Branko",0
"Danbom, Master. Gilbert Sigvard Emanuel",0
"Danbom, Mr. Ernst Gilbert",0
"Danbom, Mrs. Anna Sigrid Maria",0
"Danoff, Mr. Yoto",0
"Dashwood, Mr. William George",0
"Davidson, Mr. Thornton",0
"Davies, Mr. Alfred J.",0
"Davies, Mr. Charles Henry",0
"Davies, Mr. Evan",0
"Davies, Mr. Gordon Raleigh",0
"Davies, Mr. John Samuel",0
"Davies, Mr. Joseph",0
"Davies, Mr. Robert J.",0
"Davies, Mr. Thomas",0
"Davis, Mr. John",0
"Davis, Mr. Stephen James",0
"Davison, Mr. Thomas Henry",0
"Dawson, Mr. Joseph",0
"De marsico, Sig.. Govanni",0
"De pelsmaeker, Mr. Alfons",0
"Deacon, Mr. Percy William",0
"Dean, Mr. Bertram Frank",0
"Dean, Mr. George H.",0
"Debreucq, Mr. Maurice Emile Victor",0
"Deeble, Mr. Alfred Arnold",0
"Del carlo, Mr. Sebastiano",0
"Delalic, Mr. Redjo",0
"Denbuoy, Mr. Albert (""Herbert"")",0
"Denkoff, Mr. Mitto",0
"Dennis, Mr. Samuel",0
"Dennis, Mr. William",0
"Derrett, Mr. Arthur Henry",0
"Deslandes, Mr. Percival Stainer",0
"Desvernine, Mr. Louis Gabriel",0
"Dibden, Mr. William",0
"Dickson, Mr. William",0
"Dika, Mr. Mirko",0
"Dimic, Mr. Jovan",0
"Dinenage, Mr. James Richard",0
"Dintcheff, Mr. Valtcho",0
"Dodd, Mr. Edward Charles",0
"Dodd, Mr. George Charles",0
"Dodds, Mr. Henry Watson",0
"Dolby, Mr. Joseph",0
"Donati, Sig.. Italo Francesco",0
"Donoghue, Mr. Frank (?Thomas)",0
"Donohoe, Miss. Bridget",0
"Dooley, Mr. Patrick",0
"Dornier, Mr. Louis Auguste",0
"Dougherty, Mr. William John",0
"Doughty, Mr. Walter Thomas",0
"Douglas, Mr. Walter Donald",0
"Douton, Mr. William Joseph",0
"Doyle, Miss. Elizabeth",0
"Doyle, Mr. Laurence",0
"Drazenovic, Mr. Jozef",0
"Drew, Mr. James Vivian",0
"Duffy, Mr. William Luke",0
"Dulles, Mr. William Crothers",0
"Dunford, Mr. William",0
"Durnil, Mr. James",0
"Dwan, Mr. Frank",0
"Dyer, Mr. Henry Ryland",0
"Dyer, Mr. William Henry",0
"Dyker, Mr. Adolf Fredrik",0
"Eagle, Mr. Alfred James",0
"Eastman, Mr. Charles",0
"Edbrooke, Mr. Francis Samuel Jacob",0
"Ede, Mr. George Bulkeley",0
"Edge, Mr. Frederick William",0
"Edvardsson, Mr. Gustaf Hjalmar",0
"Edwards, Mr. Charles Essex",0
"Egg, Mr. William Henry",0
"Eitemiller, Mr. George Floyd",0
"Eklund, Mr. Hans Linus",0
"Ekström, Mr. Johan",0
"Elias nasrallah, Mr. Tannous",0
"Elias, Mr. Dibo",0
"Elias, Mr. Joseph jr.",0
"Elliott, Mr. Everett Edward",0
"Elsbury, Mr. William James",0
"Enander, Mr. Ingvar",0
"Ennis, Mr. Walter",0
"Ervine, Mr. Albert George",0
"Estanislau, Mr. Manuel Gonçalves",0
"Evans, Miss. Edith Corse",0
"Evans, Mr. George Richard",0
"Evans, Mr. William Thomas",0
"Everett, Mr. Thomas James",0
"Fahlstrøm, Mr. Arne Joma",0
"Fairall, Mr. Henry Charles",0
"Farenden, Mr. Ernest John",0
"Farquharson, Mr. William Edward",0
"Farrell, Mr. James ""Jim""",0
"Farthing, Mr. John",0
"Faunthorpe, Mr. Harry Bartram",0
"Fay, Mr. Thomas Joseph",0
"Fellowes, Mr. Alfred James",0
"Feltham, Mr. George William",0
"Ferrary, Mr. Antonio",0
"Ferris, Mr. W.",0
"Fey, Sig.. Carlo",0
"Fillbrook, Mr. Joseph Charles",0
"Finch, Mr. Harry",0
"Fioravante, Sig.. Giuseppe Bertoldo",0
"Fischer, Mr. Eberhard Thelander",0
"Fitzpatrick, Mr. Hugh Joseph",0
"Fleming, Miss. Honora",0
"Fletcher, Mr. Percy William",0
"Flynn, Mr. James",0
"Flynn, Mr. John",0
"Foley, Mr. Joseph",0
"Foley, Mr. William",0
"Ford, Miss. Dollina Margaret",0
"Ford, Miss. Robina Maggie",0
"Ford, Mr. Arthur",0
"Ford, Mr. Edward Watson",0
"Ford, Mr. Ernest",0
"Ford, Mr. Francis",0
"Ford, Mr. H.",0
"Ford, Mr. Thomas",0
"Ford, Mr. William Neal Thomas",0
"Ford, Mrs. Margaret Ann Watson",0
"Foreman, Mr. Benjamin Laventall",0
"Fortune, Mr. Charles Alexander",0
"Fortune, Mr. Mark",0
"Foster, Mr. Albert C.",0
"Fox, Mr. Patrick",0
"Fox, Mr. Stanley Hubert",0
"Fox, Mr. William Thomas",0
"Franklin, Mr. Alan Vincent",0
"Franklin, Mr. Charles (""Charles Fardon"")",0
"Franklin, Mr. Thomas Parnham",0
"Fraser, Mr. J.",0
"Fraser, Mr. James",0
"Freeman, Mr. Ernest Edward Samuel",0
"Frost, Mr. Anthony Wood",0
"Fry, Mr. John Richard",0
"Funk, Miss. Annie Clemmer",0
"Futrelle, Mr. Jacques Heath",0
"Fynney, Mr. Joseph J.",0
"Gale, Mr. Harry",0
"Gale, Mr. Shadrach",0
"Gallagher, Mr. Martin",0
"Garfirth, Mr. John",0
"Gaskell, Mr. Alfred",0
"Gatti, Sig.. Gaspare Antonio Pietro",0
"Gavey, Mr. Laurence",0
"Geddes, Mr. Richard Charles",0
"Gee, Mr. Arthur H.",0
"Geer, Mr. Alfred Emest",0
"Gerios thamah, Mr. Assaf",0
"Gheorgheff, Mr. Stanio",0
"Giglio, Mr. Victor Gaitan Andrea",0
"Gilardino, Sig.. Vincenzo Pio",0
"Gilbert, Mr. William",0
"Giles, Mr. Edgar",0
"Giles, Mr. Frederick Edward",0
"Giles, Mr. John Robert",0
"Giles, Mr. Ralph",0
"Gilinski, Mr. Eliezer",0
"Gill, Mr. John William",0
"Gill, Mr. Joseph Stanley",0
"Gill, Mr. Patrick",0
"Gillespie, Mr. William Henry",0
"Givard, Mr. Hans Kristensen",0
"Godwin, Mr. Frederick Charles",0
"Golder, Mr. M. W.",0
"Goldschmidt, Mr. George B.",0
"Goldsmith, Mr. Frank John",0
"Goldsmith, Mr. Nathan",0
"Gollop, Mr. F.",0
"Goodwin, Master. Harold Victor",0
"Goodwin, Master. Sidney Leslie",0
"Goodwin, Master. William Frederick",0
"Goodwin, Miss. Jessie Allis",0
"Goodwin, Miss. Lillian Amy",0
"Goodwin, Mr. Charles Edward",0
"Goodwin, Mr. Frederick Joseph",0
"Goodwin, Mrs. Augusta",0
"Gordon, Mr. J.",0
"Goree, Mr. Frank",0
"Goshawk, Mr. Alfred James",0
"Gosling, Mr. Bertram James",0
"Gosling, Mr. S.",0
"Gradidge, Mr. Ernest Edward",0
"Graham, Mr. George Edward",0
"Green, Mr. George",0
"Green, Mr. George",0
"Greenberg, Mr. Samuel",0
"Gregory, Mr. David",0
"Grosclaude, Mr. Gérald",0
"Grønnestad, Mr. Daniel Danielsen",0
"Guest, Mr. Robert",0
"Guggenheim, Mr. Benjamin",0
"Gumery, Mr. George",0
"Gunn, Mr. Joseph Alfred",0
"Gustafsson, Mr. Alfred Ossian",0
"Gustafsson, Mr. Anders Vilhelm",0
"Gustafsson, Mr. Johan Birger",0
"Gustafsson, Mr. Karl Gideon",0
"Gwynn, Mr. William Logan",0
"Haas, Miss. Aloisia",0
"Hagland, Mr. Ingvald Olai Olsen",0
"Hagland, Mr. Konrad Mathias Reiersen",0
"Hakkarainen, Mr. Pekka Pietari",0
"Hale, Mr. Reginald",0
"Hall, Mr. F. A. J.",0
"Hall, Mr. J.",0
"Hallett, Mr. George Alexander",0
"Hamblyn, Mr. Ernest William",0
"Hamilton, Mr. Ernest",0
"Hampe, Mr. Léon Jérome",0
"Hands, Mr. Bernard",0
"Hanna, Mr. Boulos",0
"Hanna, Mr. Mansour",0
"Hannam, Mr. George",0
"Hansen, Mr. Claus Peter",0
"Hansen, Mr. Henrik Juul",0
"Hansen, Mr. Henry Damsgaard",0
"Harbeck, Mr. William H.",0
"Harding, Mr. Alfred John",0
"Hargadon, Miss. Catherine ""Kate""",0
"Harknett, Miss. Alice Phoebe",0
"Harper, Rev.. John",0
"Harrington, Mr. Charles Henry",0
"Harris, Mr. Amos",0
"Harris, Mr. Charles William",0
"Harris, Mr. Clifford Henry",0
"Harris, Mr. Edward John",0
"Harris, Mr. Edward Matthew",0
"Harris, Mr. Henry Birkhardt",0
"Harris, Mr. Walter",0
"Harrison, Mr. Norman E.",0
"Harrison, Mr. William Henry",0
"Hart, Mr. Benjamin",0
"Hart, Mr. Henry",0
"Hart, Mr. James",0
"Hartley, Mr. Wallace Henry",0
"Harvey, Mr. Herbert Gifford",0
"Haslin, Mr. James",0
"Hassan abilmona, Mr. Houssein Mohamed",0
"Hatch, Mr. Hugh",0
"Hawkesworth, Mr. James",0
"Hawkesworth, Mr. William Walter",0
"Hays, Mr. Charles Melville",0
"Hayter, Mr. Arthur",0
"Head, Mr. Alfred",0
"Head, Mr. Christopher",0
"Hegarty, Miss. Hanora ""Nora""",0
"Heinen, Mr. Joseph Dominichus",0
"Heininen, Miss. Wendla Maria",0
"Hendekovic, Mr. Ignjac",0
"Hendy, Mr. Edward Martin",0
"Henriksson, Miss. Jenny Lovisa",0
"Henry, Miss. Bridget Delia",0
"Hensford, Mr. Herbert George Ernest",0
"Herman, Mr. Samuel",0
"Hesketh, Mr. John Henry",0
"Hewitt, Mr. Thomas",0
"Hickman, Mr. Leonard Mark",0
"Hickman, Mr. Lewis",0
"Hickman, Mr. Stanley George",0
"Hill, Mr. H. P.",0
"Hill, Mr. James",0
"Hill, Mr. James Colston",0
"Hilliard, Mr. Herbert Henry",0
"Hiltunen, Miss. Marta",0
"Hinckley, Mr. George Herbert",0
"Hine, Mr. William Edward",0
"Hinton, Mr. Stephen William",0
"Hipkins, Mr. William Edward",0
"Hiscock, Mr. Sydney George",0
"Hoare, Mr. Leonard James",0
"Hocking, Mr. Richard George",0
"Hocking, Mr. Samuel James Metcalfe",0
"Hodge, Mr. Charley",0
"Hodges, Mr. Henry Price",0
"Hodges, Mr. W.",0
"Hodgkinson, Mr. Leonard",0
"Hogg, Mr. Charles William",0
"Hogue, Mr. E.",0
"Hold, Mr. Stephen",0
"Holland, Mr. Thomas",0
"Holloway, Mr. Sidney",0
"Holm, Mr. John Fredrik Alexander",0
"Holman, Mr. Harry",0
"Holthen, Mr. Johan Martin",0
"Holverson, Mr. Alexander Oskar",0
"Hood, Mr. Ambrose Jr",0
"Hopgood, Mr. Roland John C.",0
"Hopkins, Mr. Frederick William",0
"Horgan, Mr. John",0
"Hosgood, Mr. Richard William",0
"Hosking, Mr. George Fox",0
"House, Mr. William John",0
"Howard, Mr. Benjamin",0
"Howard, Mrs. Ellen Truelove",0
"Howell, Mr. Arthur Albert",0
"Hoyt, Mr. William Fisher",0
"Hughes, Mr. William Thomas",0
"Humblen, Mr. Adolf Mathias Nicolai Olsen",0
"Humby, Mr. Frederick Charles",0
"Hume, Mr. John Law",0
"Humphreys, Mr. Humphrey",0
"Hunt, Mr. George Henry",0
"Hunt, Mr. Tom",0
"Hurst, Mr. Charles John",0
"Hutchinson, Mr. James",0
"Hutchinson, Mr. John Hall",0
"Ibrahim shawah, Mr. Yousseff",0
"Ide, Mr. Harry John",0
"Ilieff, Mr. Ylio",0
"Ilmakangas, Miss. Ida Livija",0
"Ilmakangas, Miss. Pieta Sofia",0
"Ingram, Mr. George",0
"Ingrouille, Mr. Henry",0
"Ings, Mr. William Ernest",0
"Instance, Mr. T.",0
"Isham, Miss. Ann Elizabeth",0
"Ivanoff, Mr. Kanio",0
"Jabbur (zabour), Miss. Hileni",0
"Jabbur (zabour), Miss. Thamine",0
"Jackopson, Mr. John Henry",0
"Jackson, Mr. Cecil",0
"Jacobsohn, Mr. Sidney Samuel",0
"Jago, Mr. Joseph",0
"Jaillet, Mr. Henri Marie",0
"James, Mr. Thomas",0
"Janaway, Mr. William Frank",0
"Janin, Mr. Claude Marie",0
"Jardim, Mr. José Neto",0
"Jarvis, Mr. Denzil John",0
"Jeffery, Mr. William Alfred",0
"Jefferys, Mr. Clifford Thomas",0
"Jefferys, Mr. Ernest Wilfred",0
"Jenkin, Mr. Stephen Curnow",0
"Jenner, Mr. Thomas Henry (Harry)",0
"Jensen, Mr. Charles Valdemar",0
"Jensen, Mr. Hans Peder",0
"Jensen, Mr. Niels Peder (""Rasmus"")",0
"Jensen, Mr. Svend Lauritz",0
"Joas, Mr. N.",0
"Johanson, Mr. Jakob Alfred",0
"Johansson, Mr. Erik",0
"Johansson, Mr. Gustaf Joel",0
"Johansson, Mr. Karl Johan",0
"Johansson, Mr. Nils",0
"Johnson, Mr. August",0
"Johnson, Mr. Malkolm Joackim",0
"Johnson, Mr. William Cahoone Jr.",0
"Johnston, Master. William Andrew",0
"Johnston, Miss. Catherine Nellie",0
"Johnston, Mr. Andrew Emslie",0
"Johnston, Mrs. Eliza",0
"Jones, Mr. Albert",0
"Jones, Mr. Arthur Ernest",0
"Jones, Mr. Charles Cresson",0
"Jones, Mr. H.",0
"Jones, Mr. Victor Reginald",0
"Jonkoff, Mr. Lalio",0
"Joseph (shahin), Mr. Elias",0
"Jouannault, Mr. Georges Jules",0
"Jukes, Mr. Henry James",0
"Julian, Mr. Henry Forbes",0
"Jupe, Mr. Boykett Herbert",0
"Jussila, Miss. Katriina",0
"Jussila, Miss. Mari Aina",0
"Jönsson, Mr. Nils Hilding",0
"Kallio, Mr. Nikolai Erland",0
"Kalvik, Mr. Johannes Halvorsen",0
"Kantor, Mr. Sinai",0
"Karajic, Mr. Milan",0
"Karlsson, Mr. Julius Konrad Eugen",0
"Karlsson, Mr. Nils August",0
"Karnes, Mrs. Claire",0
"Kassem houssein, Mr. Fared",0
"Katavelos, Mr. Vasilios G.",0
"Keane, Mr. Andrew ""Andy""",0
"Keane, Mr. Daniel",0
"Kearl, Mr. Charles Henry",0
"Kearl, Mr. George Edward",0
"Keefe, Mr. Arthur",0
"Keeping, Mr. Edwin Herbert",0
"Kelland, Mr. Thomas",0
"Kelly, Mr. James",0
"Kelly, Mr. William",0
"Kemp, Mr. Thomas Hulman",0
"Kenchenten, Mr. Frederick Charles",0
"Kennell, Mr. Charles",0
"Kent, Mr. Edward Austin",0
"Kenyon, Mr. Frederick R.",0
"Kenzler, Mr. August",0
"Kerley, Mr. William Thomas",0
"Kerr, Mr. Thomas Russell",0
"Ketchley, Mr. Henry",0
"Khalil, Mr. Betros",0
"Khalil, Mrs. Zahie ""Maria""",0
"Kieran, Mr. Edgar Michael",0
"Kieran, Mr. James William",0
"Kiernan, Mr. John",0
"Kiernan, Mr. Philip",0
"Kilgannon, Mr. Thomas",0
"King, Mr. Alfred John Moffett",0
"King, Mr. Ernest Waldron",0
"King, Mr. G.",0
"King, Mr. Thomas Walter",0
"Kingscote, Mr. William Ford",0
"Kink, Miss. Maria",0
"Kink, Mr. Vincenz",0
"Kinsella, Mr. Louis",0
"Kirkaldy, Mr. Thomas Benjamin",0
"Kirkham, Mr. James",0
"Kirkland, Fr. Charles Leonard",0
"Kitching, Mr. Arthur Alfred",0
"Klaber, Mr. Herman",0
"Klasén, Miss. Gertrud Emilia",0
"Klasén, Mr. Klas Albin",0
"Klasén, Mrs. Hulda Kristina Eugenia",0
"Klein, Mr. Herbert",0
"Knight, Mr. Leonard George",0
"Knight, Mr. Robert",0
"Kraeff, Mr. Theodor",0
"Krins, Mr. Georges Alexandre",0
"Kutscher (lithman), Mr. Simon",0
"Kvillner, Mr. Johan Henrik Johannesson",0
"Lacey, Mr. Bertie William",0
"Lahoud ishaq mowad, Mr. Sarkis",0
"Lahtinen, Fr. William",0
"Lahtinen, Mrs. Anna Amelia",0
"Lahy, Mr. T. E.",0
"Laitinen, Miss. Kristina Sofia",0
"Lake, Mr. William",0
"Laleff, Mr. Kristo",0
"Lam, Mr. Len",0
"Lamb, Mr. John Joseph",0
"Lane, Mr. Albert Edward",0
"Lane, Mr. Patrick",0
"Laroche, Mr. Joseph Philippe Lemercier",0
"Larsson, Mr. August Viktor",0
"Larsson, Mr. Bengt Edvin",0
"Larsson-rondberg, Mr. Edvard A.",0
"Latimer, Mr. Andrew L",0
"Lawrence, Mr. Arthur",0
"Leader, Mr. Archibald",0
"Lee, Mr. H.",0
"Lefebvre, Master. Henry",0
"Lefebvre, Miss. Ida",0
"Lefebvre, Miss. Jeannie",0
"Lefebvre, Miss. Mathilde",0
"Lefebvre, Mr. Paul Georges",0
"Lefebvre, Mrs. Frances Marie",0
"Leinonen, Mr. Antti Gustaf",0
"Lennon, Mr. Denis",0
"Leonard, Mr. Lionel",0
"Leonard, Mr. Matthew",0
"Lester, Mr. James",0
"Levett, Mr. George Alfred",0
"Lewy, Mr. Ervin G.",0
"Leyson, Mr. Robert William Norman",0
"Lievens, Mr. René Aimé",0
"Light, Mr. Charles Edward",0
"Light, Mr. Christopher William",0
"Light, Mr. W.",0
"Lindahl, Miss. Agda Thorilda Viktoria",0
"Lindblom, Miss. Augusta Charlotta",0
"Lindeberg-lind, Mr. Erik Gustaf",0
"Lindell, Mr. Edvard Bengtsson",0
"Lindell, Mrs. Elin Gerda",0
"Linehan, Mr. Michael",0
"Ling, Mr. Lee",0
"Linhart, Mr. Wenzel",0
"Linnane, Mr. John",0
"Livshin, Mr. David (Abraham Harmer)",0
"Lloyd, Mr. Humphrey",0
"Lloyd, Mr. William",0
"Lobb, Mr. William Arthur",0
"Lobb, Mrs. Cordelia K.",0
"Locke, Mr. A.",0
"Lockyer, Mr. Edward Thomas",0
"Long, Mr. Frank",0
"Long, Mr. Milton Clyde",0
"Long, Mr. William",0
"Longmuir, Mr. John Dickson",0
"Loring, Mr. Joseph Holland",0
"Louch, Mr. Charles Alexander",0
"Lovell, Mr. John",0
"Lovell, Mr. John Hall (""Henry"")",0
"Lundahl, Mr. Johan Svensson",0
"Lydiatt, Mr. Charles",0
"Lymperopoulus, Mr. Panagiotis K.",0
"Lyntakoff, Mr. Stanko",0
"Lyons, Mr. William Henry",0
"Lévy, Mr. René Jacques",0
"Mabey, Mr. John Charles",0
"Mack, Mrs. Mary",0
"Mackay, Mr. George William",0
"Mackie, Mr. George William",0
"Mackie, Mr. William Dickson",0
"Maguire, Mr. John Edward",0
"Mahon, Miss. Bridget Delia",0
"Maisner, Mr. Simon",0
"Major, Mr. Thomas Edgar",0
"Malachard, Mr. Jean-Noël",0
"Mallet, Mr. Albert Denis Pierre",0
"Mangan, Miss. Mary",0
"Mangiavacchi, Mr. Serafino Emilio",0
"Mantle, Mr. Roland Frederick",0
"March, Mr. John Starr",0
"Mardirosian, Mr. Sarkis",0
"Marett, Mr. George John",0
"Marinko, Mr. Dmitri",0
"Markoff, Mr. Marin",0
"Marks, Mr. James",0
"Markun, Mr. Johann",0
"Marriott, Mr. John William",0
"Marsh, Mr. Frederick Charles",0
"Marvin, Mr. Daniel Warner",0
"Maskell, Mr. Leopold Adolphus",0
"Mason, Mr. J.",0
"Matherson, Mr. David",0
"Mathias, Mr. Montague Vincent",0
"Matinoff, Mr. Nicola",0
"Matthews, Mr. William John",0
"Mattmann, Sig.. Adolf",0
"Maxwell, Mr. John",0
"May, Mr. Arthur William",0
"May, Mr. Arthur William",0
"Maybery, Mr. Frank Hubert",0
"Mayo, Mr. William Peter",0
"Maytum, Mr. Alfred",0
"Mcandrew, Mr. Thomas Patrick",0
"Mcandrews, Mr. William",0
"Mccaffry, Mr. Thomas Francis",0
"Mccarthy, Mr. Frederick James",0
"Mccarthy, Mr. Timothy J.",0
"Mccastlan, Mr. W.",0
"Mccawley, Mr. Thomas W.",0
"Mccrae, Mr. Arthur Gordon",0
"Mccrie, Mr. James Matthew",0
"Mcelroy, Mr. Hugh Walter",0
"Mcevoy, Mr. Michael",0
"Mcgarvey, Mr. Edward Joseph",0
"Mcgaw, Mr. Erroll Victor",0
"Mcgowan, Miss. Katherine",0
"Mcgrady, Mr. James",0
"Mcinerney, Mr. Thomas",0
"Mckane, Mr. Peter David",0
"Mcmahon, Mr. Martin",0
"Mcmicken, Mr. Benjamin Tucker",0
"Mcmullin, Mr. John Richard",0
"Mcmurray, Mr. William",0
"Mcnamee, Mr. Neal",0
"Mcnamee, Mrs. Eileen",0
"Mcneill, Miss. Bridget",0
"Mcquillan, Mr. William",0
"Mcrae, Mr. William Alexander",0
"Mcreynolds, Mr. William",0
"Meanwell, Mrs. Marian",0
"Meehon, Mr. John",0
"Meek, Mrs. Annie Louise Rowley",0
"Mellor, Mr. Arthur",0
"Meo (martino), Mr. Alfonzo",0
"Mernagh, Mr. Robert",0
"Meyer, Mr. August",0
"Meyer, Mr. Edgar Joseph",0
"Middleton, Mr. Alfred Pirrie",0
"Middleton, Mr. Mark Victor",0
"Mihoff, Mr. Stoytcho",0
"Miles, Mr. Frank",0
"Milford, Mr. George",0
"Millar, Mr. Robert",0
"Millar, Mr. Thomas",0
"Millet, Mr. Francis Davis",0
"Milling, Mr. Jacob Christian",0
"Minahan, Dr. William Edward",0
"Mineff, Mr. Ivan",0
"Minkoff, Mr. Lazar",0
"Mintram, Mr. William",0
"Mishellany, Mr. Abraham Mansoor",0
"Mitchell, Mr. Henry Michael",0
"Mitchell, Mr. Lorenzo (Lawrence) Horace",0
"Mitkoff, Mr. Mito",0
"Moen, Mr. Sigurd Hansen",0
"Molson, Mr. Harry Markland",0
"Monrós, Sr.. Joan Javier",0
"Monteverdi, Sig.. Giovanni",0
"Montvila, Fr. Juozas",0
"Moody, Mr. James Paul",0
"Moore, Mr. Alfred Ernest",0
"Moore, Mr. Clarence Bloomfield",0
"Moore, Mr. Leonard Charles",0
"Moore, Mr. Ralph",0
"Moores, Mr. Richard Henry",0
"Moran, Mr. Daniel James",0
"Moraweck, Dr. Ernest",0
"Morgan (bird), Mr. Charles Frederick",0
"Morgan, Mr. Arthur Herbert",0
"Morgan, Mr. Thomas A.",0
"Morley, Mr. Henry Samuel",0
"Morley, Mr. William",0
"Morris, Mr. Arthur",0
"Morris, Mr. William Edward",0
"Morrow, Mr. Thomas Rowan",0
"Moss, Mr. William",0
"Moutal, Mr. Rahamin Haim",0
"Moyes, Mr. William Young",0
"Mudd, Mr. Thomas Cupper",0
"Mullin, Miss. Mary  (_Lennon)",0
"Mullin, Mr. Thomas",0
"Murdlin, Mr. Joseph",0
"Murdoch, Mr. William McMaster",0
"Myhrman, Mr. Pehr Fabian Oliver Malkolm",0
"Myles, Mr. Thomas Francis",0
"Mäenpää, Mr. Matti Alexanteri",0
"Mäkinen, Mr. Kalle Edvard",0
"Müller, Mr. Ludwig",0
"Naidenoff, Mr. Penko",0
"Nakhli, Mr. Toufik",0
"Nancarrow, Mr. William Henry",0
"Nankoff, Mr. Minko",0
"Nannini, Sig.. Francesco Luigi Arcangelo",0
"Nasr alma, Mr. Mustafa",0
"Nasser, Mr. Nicholas",0
"Nassr rizq, Mr. Saade",0
"Natsch, Mr. Charles",0
"Naughton, Miss. Hannah",0
"Navratil, Mr. Michel",0
"Nenkoff, Mr. Christo",0
"Nesson, Mr. Israel",0
"Nettleton, Mr. George Walter",0
"Newell, Mr. Arthur Webster",0
"Newman, Mr. Charles Thomas",0
"Nicholls, Mr. Joseph Charles",0
"Nicholls, Mr. Sidney",0
"Nichols, Mr. A.D.",0
"Nichols, Mr. Alfred William Stanley",0
"Nicholson, Mr. Arthur Ernest",0
"Nieminen, Miss. Manta Josefina",0
"Niklasson, Mr. Samuel",0
"Nilsson, Mr. August Ferdinand",0
"Nirva, Mr. Iisakki Antino Äijö",0
"Niven, Mr. John Brown",0
"Nofal, Mr. Mansouer",0
"Noon, Mr. John",0
"Norman, Mr. Robert Douglas",0
"Norris, Mr. James",0
"Noss, Mr. Bertram Arthur",0
"Nosworthy, Mr. Richard Cater",0
"Nysveen, Mr. Johan Hansen",0
"O'brien, Mr. Thomas",0
"O'brien, Mr. Timothy",0
"O'connell, Mr. Patrick Denis",0
"O'connor, Mr. Maurice",0
"O'connor, Mr. Patrick",0
"O'connor, Mr. Thomas Peter",0
"O'loughlin, Dr. William Francis Norman",0
"O'sullivan, Miss. Bridget Mary",0
"Olive, Mr. Charles",0
"Olive, Mr. Ernest Roskelly",0
"Olsen, Mr. Henry Margido",0
"Olsen, Mr. Karl Siegwart Andreas",0
"Olsen, Mr. Ole Martin",0
"Olsson, Miss. Elina",0
"Olsson, Mr. Nils Johan Göransson",0
"Olsvigen, Mr. Thor Anderson",0
"Oreskovic, Miss. Jelka",0
"Oreskovic, Miss. Marija",0
"Oreskovic, Mr. Luka",0
"Orpet, Mr. Walter Hayward",0
"Orr, Mr. J.",0
"Osborne, Mr. William Edward",0
"Ostby, Mr. Engelhart Cornelius",0
"Osén, Mr. Olaf Elon",0
"Otter, Mr. Richard",0
"Oviés y rodríguez, Mr. Servando José Florentino",0
"Owen, Mr. Lewis",0
"Pacey, Mr. Reginald lvan",0
"Pachera, Sig.. Jean Baptiste Stanislas",0
"Paice, Mr. Richard Charles John",0
"Pain, Dr. Alfred",0
"Painter, Mr. Charles",0
"Painter, Mr. Frank Frederick",0
"Paintin, Mr. James Arthur",0
"Palles, Mr. Thomas Henry Michael",0
"Panula, Master. Eino Viljam",0
"Panula, Master. Jaako Arnold",0
"Panula, Master. Juha Niilo",0
"Panula, Master. Urho Abraham",0
"Panula, Mr. Ernesti Arvid",0
"Panula, Mrs. Maija Emelia Abrahamintytar",0
"Parker, Mr. Clifford Richard",0
"Parkes, Mr. Francis",0
"Parr, Mr. William Henry Marsh",0
"Parsons, Mr. Edward",0
"Parsons, Mr. Frank Alfred",0
"Parsons, Mr. Richard Henry",0
"Partner, Mr. Austin",0
"Pasic, Mr. Jakob",0
"Patchett, Mr. George",0
"Pavlovic, Mr. Stefo",0
"Payne, Mr. Vivian Ponsonby",0
"Peacock, Master. Alfred Edward",0
"Peacock, Miss. Treasteall",0
"Peacock, Mrs. Edith",0
"Pearce, Mr. Alfred Emest",0
"Pearce, Mr. Ernest",0
"Pears, Mr. Thomas Clinton",0
"Pedersen, Mr. Olaf",0
"Pedrini, Sig.. Alessandro",0
"Peduzzi, Mr. Giuseppe",0
"Pekoniemi, Mr. Edvard",0
"Peltomäki, Mr. Nikolai Johannes",0
"Pengelly, Mr. Frederick William",0
"Pennal, Mr. Thomas Frederick Cohen",0
"Penny, Mr. William Farr",0
"Penrose, Mr. John Poole",0
"Peracchio, Sig.. Alberto",0
"Peracchio, Sig.. Sebastiano",0
"Perkin, Mr. John Henry",0
"Perkins, Mr. Laurence Alexander",0
"Pernot, Mr. René",0
"Perotti, Sig.. Alfonso",0
"Perren, Mr. William Charles",0
"Perriton, Mr. Hubert Prouse",0
"Perry, Mr. Henry Frederick",0
"Peruschitz, Fr. Josef",0
"Peters, Miss. Katie",0
"Petersen, Mr. Marius",0
"Petranec, Miss. Matilda",0
"Petroff, Mr. Nedialco",0
"Petroff, Mr. Pastcho",0
"Pettersson, Miss. Ellen Natalia",0
"Pettersson, Mr. Johan Emil",0
"Petty, Mr. Edwin Henry",0
"Peñasco y castellana, Mr. Victor",0
"Phillips, Mr. A. George",0
"Phillips, Mr. Escott Robert",0
"Phillips, Mr. John George",0
"Phillips, Mr. Walter John",0
"Piatti, Sig.. Louis",0
"Piazza, Sig.. Pompeo Gaspro",0
"Pitfield, Mr. William James",0
"Platt, Mr. Wilfred George",0
"Plotcharsky, Mr. Vasil",0
"Poggi, Sig.. Emilio",0
"Pokrnic, Mr. Mate",0
"Pokrnic, Mr. Tome",0
"Pond, Mr. George",0
"Ponesell, Mr. Martin",0
"Pook, Mr. Percy Robert",0
"Porter, Mr. Walter Chamberlain",0
"Porteus, Mr. Thomas Henry",0
"Preston, Mr. Thomas Charles Alfred",0
"Price, Mr. Ernest Cyril",0
"Prideaux, Mr. John Arthur (Jack)",0
"Proctor, Mr. Charles",0
"Proudfoot, Mr. Richard Royston",0
"Pryce, Mr. Charles William",0
"Pugh, Mr. Arthur Percy",0
"Pulbaum, Mr. Franz",0
"Pulner, Mr. Uscher",0
"Puzey, Mr. John Edward",0
"Pålsson, Master. Gösta Leonard",0
"Pålsson, Master. Paul Folke",0
"Pålsson, Miss. Stina Viola",0
"Pålsson, Miss. Torborg Danira",0
"Pålsson, Mrs. Alma Cornelia",0
"Radeff, Mr. Alexander",0
"Randall, Mr. Frank Henry",0
"Ransom, Mr. James Augustus",0
"Rasmussen, Mrs. Lena Jakobsen",0
"Rattenbury, Mr. William Henry",0
"Ratti, Sig.. Enrico",0
"Razi, Mr. Raihed",0
"Read, Mr. Joseph",0
"Reed, Mr. James George",0
"Reed, Mr. Thomas Charles Prowse",0
"Reeves, Mr. David",0
"Reeves, Mr. Frederick Simms",0
"Reid, Mr. Robert Thomas",0
"Rekic, Mr. Tido",0
"Renouf, Mr. Peter Henry",0
"Reuchlin, Mr. Jonkheer Johan George",0
"Revell, Mr. William James Francis",0
"Reynolds, Mr. Harold J.",0
"Ricaldone, Sig.. Rinaldo Renato",0
"Rice, Master. Albert",0
"Rice, Master. Arthur",0
"Rice, Master. Eric",0
"Rice, Master. Eugene Francis",0
"Rice, Master. George Hugh",0
"Rice, Mr. John Reginald",0
"Rice, Mr. Percy",0
"Rice, Mrs. Margaret",0
"Richard, Mr. Emile Phillippe",0
"Richards, Mr. Joseph James",0
"Rickman, Mr. George Albert",0
"Ricks, Mr. Cyril Gordon",0
"Ridout, Mr. Walter George",0
"Righini, Mr. Sante",0
"Rigozzi, Sig.. Abele",0
"Riihivuori, Miss. Susanna Juhantytär",0
"Rimmer, Mr. Gilbert",0
"Rintamäki, Mr. Matti",0
"Risien, Mr. Samuel Beard",0
"Risien, Mrs. Emma",0
"Robbins, Mr. Victor",0
"Roberton, Mr. George Edward",0
"Roberts, Mr. Frank John",0
"Roberts, Mr. Hugh H.",0
"Roberts, Mr. Robert George",0
"Robins, Mr. Alexander A.",0
"Robins, Mrs. Grace Charity",0
"Robinson, Mr. James William",0
"Roebling, Mr. Washington Augustus II",0
"Rogers, Mr. Edward James William",0
"Rogers, Mr. Michael",0
"Rogers, Mr. Reginald Harry",0
"Rogers, Mr. William John",0
"Rommetvedt, Mr. Knud Paust",0
"Rood, Mr. Hugh Roscoe",0
"Rosblom, Miss. Salli Helena",0
"Rosblom, Mr. Viktor Richard",0
"Rosblom, Mrs. Helena Wilhelmina",0
"Rosenshine, Mr. George",0
"Ross, Mr. John Hugo",0
"Rothschild, Mr. Martin",0
"Rotta, Sig.. Angelo Mario",0
"Rous, Mr. Arthur John",0
"Rouse, Mr. Richard Henry",0
"Rousseau, Mr. Pierre",0
"Rowe, Mr. Alfred G.",0
"Rowe, Mr. Edgar Maurice",0
"Rudd, Mr. Henry",0
"Rush, Mr. Alfred George John",0
"Russell, Mr. Boysie Richard",0
"Rutter, Mr. Sidney Frank",0
"Ryan, Mr. Patrick",0
"Ryan, Mr. Thomas",0
"Ryerson, Mr. Arthur Larned",0
"Saad, Mr. Amin",0
"Saad, Mr. Khalil",0
"Saccaggi, Sig.. Giovanni Giuseppe Emilio",0
"Sadlier, Mr. Matthew",0
"Sadowitz, Mr. Harry",0
"Sage, Master. Anthony William",0
"Sage, Master. Thomas Henry",0
"Sage, Miss. Constance Gladys",0
"Sage, Miss. Dorothy",0
"Sage, Miss. Elizabeth Ada",0
"Sage, Miss. Stella Anne",0
"Sage, Mr. Douglas Bullen",0
"Sage, Mr. Frederick",0
"Sage, Mr. George John",0
"Sage, Mr. John George",0
"Sage, Mrs. Annie Elizabeth",0
"Salander, Mr. Karl Johan",0
"Salonen, Mr. Johan Werner",0
"Salussolia, Sig.. Govanni",0
"Samaan, Mr. Elias",0
"Samaan, Mr. Hanna Elias",0
"Samaan, Mr. Youssef",0
"Samuel, Mr. Owen Wilmore",0
"Sangster, Mr. Charles Edward",0
"Sartori, Sig.. Lazar",0
"Saundercock, Mr. William Henry",0
"Saunders, Mr. D. E.",0
"Saunders, Mr. F.",0
"Saunders, Mr. W.",0
"Saunders, Mr. Walter Edward",0
"Sawyer, Mr. Frederick Charles",0
"Sawyer, Mr. Robert James",0
"Scanlan, Mr. James",0
"Scavino, Sig.. Candido",0
"Schmidt, Mr. August",0
"Scott, Mr. Archibald",0
"Scott, Mr. John",0
"Scovell, Mr. Robert",0
"Sdycoff, Mr. Todor",0
"Sedgwick, Mr. Charles Frederick Waddington",0
"Sedunary, Mr. Samuel Francis",0
"Self, Mr. Alfred Henry",0
"Seman, Master. Betros",0
"Sesia, Sig.. Giacomo",0
"Sharp, Mr. Percival",0
"Shaughnessy, Mr. Patrick",0
"Shaw, Mr. Henry",0
"Shea, Mr. John Joseph",0
"Shea, Mr. Thomas",0
"Shedid, Mr. Daher",0
"Shellard, Mr. Frederick William Blainey",0
"Shepherd, Mr. Jonathan",0
"Shihāb, Mr. Al-Amīr Fāris",0
"Shillabeer, Mr. Charles Frederick",0
"Shorney, Mr. Charles Joseph",0
"Siebert, Mr. Sidney Conrad",0
"Silvey, Mr. William Baird",0
"Simmons, Mr. Frederick Charles",0
"Simmons, Mr. John",0
"Simmons, Mr. William",0
"Simpson, Dr. John Edward",0
"Sirayanian, Mr. Orsen",0
"Sirota, Mr. Maurice",0
"Sivic, Mr. Husein",0
"Sivier, Mr. William",0
"Sivola, Mr. Antti Wilhelm",0
"Sjöstedt, Mr. Ernst Adolf",0
"Skeates, Mr. William",0
"Skinner, Mr. Edward",0
"Skoog, Master. Harald",0
"Skoog, Master. Karl Thorsten",0
"Skoog, Miss. Mabel",0
"Skoog, Miss. Margit Elizabeth",0
"Skoog, Mr. Wilhelm (""William Johansson"")",0
"Skoog, Mrs. Anna Bernhardina",0
"Slabenoff, Mr. Petco",0
"Slemen, Mr. Richard James",0
"Slight, Mr. Harry John",0
"Slight, Mr. William Henry James",0
"Sloan, Mr. Peter",0
"Slocovski, Mr. Selman Francis",0
"Small, Mr. William",0
"Smart, Mr. John Montgomery",0
"Smiljanic, Mr. Mile",0
"Smillie, Mr. John",0
"Smith, Captain. Edward John",0
"Smith, Mr. Charles",0
"Smith, Mr. Charles Edwin",0
"Smith, Mr. Emest George",0
"Smith, Mr. F.",0
"Smith, Mr. James Clinch",0
"Smith, Mr. James Muil",0
"Smith, Mr. James William",0
"Smith, Mr. John Richard Jago",0
"Smith, Mr. Lucian Philip",0
"Smith, Mr. Reginald George",0
"Smith, Mr. Richard William",0
"Smith, Mr. William",0
"Smither, Mr. Harry John",0
"Smyth, Mr. Thomas",0
"Snape, Mrs. Lucy Violet",0
"Snellgrove, Mr. George",0
"Snooks, Mr. W.",0
"Sobey, Mr. Samuel James Hayden",0
"Somerton, Mr. Francis William",0
"Spector, Mr. Woolf",0
"Spencer, Mr. William Augustus",0
"Spinner, Mr. Henry John",0
"Stagg, Mr. John Henry",0
"Stanbrook, Mr. Augustus George",0
"Staneff, Mr. Ivan",0
"Stankovic, Mr. Ivan",0
"Stanley, Mr. Edward Roland",0
"Stanton, Mr. Samuel Ward",0
"Stead, Mr. William Thomas",0
"Stebbings, Mr. Sydney Frederick",0
"Steel, Mr. Robert Edward",0
"Stewart, Mr. Albert Ankeny",0
"Stocker, Mr. Henry Dorey",0
"Stokes, Mr. Philip Joseph",0
"Stone, Mr. Edmund",0
"Stone, Mr. Edward Thomas",0
"Storey, Mr. Thomas",0
"Stoytcheff, Mr. Ilia",0
"Strandberg, Miss. Ida Sofia",0
"Straus, Mr. Isidor",0
"Straus, Mrs. Rosalie Ida",0
"Strilic, Mr. Ivan",0
"Stroud, Mr. Edward Alfred Orlando",0
"Stroud, Mr. Harry John",0
"Strugnell, Mr. John Herbert",0
"Ström, Miss. Telma Matilda",0
"Ström, Mrs. Elna Matilda",0
"Stubbings, Mr. Harry Robert",0
"Stubbs, Mr. James Henry",0
"Sullivan, Mr. S.",0
"Sutehall, Mr. Henry Jr",0
"Sutton, Mr. Frederick",0
"Svensson, Mr. Johan",0
"Svensson, Mr. Olof",0
"Swan, Mr. William",0
"Swane, Mr. George",0
"Sweet, Mr. George Frederick",0
"Symonds, Mr. John Crane",0
"Sæther, Mr. Simon Sivertsen",0
"Søholt, Mr. Peter Andreas Lauritz Andersen",0
"Talbot, Mr. George Frederick Charles",0
"Tamlyn, Mr. Frederick",0
"Taussig, Mr. Emil",0
"Taylor, Mr. Bernard Cuthbert",0
"Taylor, Mr. C.",0
"Taylor, Mr. J.",0
"Taylor, Mr. John Henry",0
"Taylor, Mr. Leonard",0
"Taylor, Mr. Percy Cornelius",0
"Taylor, Mr. William John",0
"Terrell, Mr. Bertram",0
"Testoni, Sig.. Ercole",0
"Teuton, Mr. Thomas Moore",0
"Thaler, Mr. Montague Donald",0
"Thayer, Mr. John Borland",0
"Theobald, Mr. Thomas Leonard",0
"Thomas, Mr. Charles R'ad.",0
"Thomas, Mr. Joseph Wakefield",0
"Thomas/tannous, Mr. John",0
"Thomas/tannous, Mr. Tannous",0
"Thompson, Mr. Alexander Morrison",0
"Thompson, Mr. Herbert Henry",0
"Thorley, Mr. William",0
"Thorn, Mr. Harry",0
"Thorneycroft, Mr. Percival",0
"Tietz, Sig.. Carlo/Karl",0
"Tikkanen, Mr. Juho",0
"Tizard, Mr. Arthur Leopold",0
"Tobin, Mr. Roger",0
"Todoroff, Mr. Lalio",0
"Tomlin, Mr. Ernest Portage",0
"Topp, Mr. Thomas",0
"Torfa, Mr. Assad",0
"Toshack, Mr. James Adamson",0
"Totevski, Mr. Hristo Danchev",0
"Tozer, Mr. James",0
"Troupiansky, Mr. Moses Aaron",0
"Turcin, Mr. Stjepan",0
"Turley, Mr. Richard",0
"Turner, Mr. George Frederick",0
"Turner, Mr. Leopold Olerenshaw",0
"Turpin, Mr. William John",0
"Turpin, Mrs. Dorothy Ann",0
"Turvey, Mr. Charles Thomas",0
"Törber, Mr. Ernst Wilhelm",0
"Urbini, Sig.. Roberto",0
"Uruchurtu, Don.. Manuel Ramirez",0
"Valvassori, Sig.. Ettore Luigi",0
"Van billiard, Master. James William",0
"Van billiard, Master. Walter John",0
"Van billiard, Mr. Austin Blyler",0
"Van de velde, Mr. Johannes Josef",0
"Van den steen, Mr. Leo Peter",0
"Van der brugge, Mr. Wessel Adrianus",0
"Van der hoef, Mr. Wyckoff",0
"Van impe, Miss. Catharina",0
"Van impe, Mr. Jean Baptiste",0
"Van impe, Mrs. Rosalie Paula",0
"Van melckebeke, Mr. Philemon",0
"Vandercruyssen, Mr. Victor",0
"Vanderplancke, Miss. Augusta Maria",0
"Vanderplancke, Mr. Julius",0
"Vanderplancke, Mr. Leo Edmondus",0
"Vanderplancke, Mrs. Emelie Maria",0
"Vandewalle, Mr. Nestor Cyriel",0
"Veal, Mr. Arthur",0
"Veal, Mr. James",0
"Veal, Mr. Thomas Henry Edom",0
"Vear, Mr. Henry",0
"Vear, Mr. William",0
"Vendel, Mr. Olof Edvin",0
"Veström, Miss. Hulda Amanda Adolfina",0
"Vicat, Sig.. Alphonse Jean Eugene",0
"Villvarlange, Mr. Pierre Léon Gabriel",0
"Vine, Mr. Herbert Thomas Gordon",0
"Vioni, Sig.. Roberto",0
"Voegelin-dubach, Sig.. Johannes",0
"Vovk, Mr. Janko",0
"Waelens, Mr. Achille",0
"Wake, Mr. Percy",0
"Walker, Mr. William Anderson",0
"Wallis, Mrs. Catherine Jane",0
"Walpole, Mr. James",0
"Walsh, Miss. Catherine",0
"Ward, Mr. Arthur",0
"Ward, Mr. Edward",0
"Ward, Mr. James William",0
"Ward, Mr. Percy Thomas",0
"Wardner, Mr. Fred Albert",0
"Ware, Mr. Frederick",0
"Ware, Mr. John James",0
"Ware, Mr. William Jeffery",0
"Wareham, Mr. Robert Arthur",0
"Warren, Mr. Charles William",0
"Warren, Mr. Frank Manley",0
"Warwick, Mr. Tom",0
"Wateridge, Mr. Edward Lewis",0
"Watson, Mr. Ennis Hastings",0
"Watson, Mr. W.",0
"Watson, Mr. William Albert",0
"Watts, Mr. ",0
"Wazli, Mr. Yousif Ahmed",0
"Weatherston, Mr. Thomas Herbert",0
"Webb, Mr. Brooke Holding",0
"Webb, Mr. Samuel Francis",0
"Webber, Mr. Francis Albert",0
"Webber, Mr. James",0
"Weir, Colonel. John",0
"Weisz, Mr. Léopold",0
"Welch, Mr. William Harold",0
"West, Mr. Edwy Arthur",0
"Wheadon, Mr. Edward H.",0
"Wheeler, Mr. Edwin Charles",0
"White, Mr. Albert",0
"White, Mr. Arthur",0
"White, Mr. Edward Joseph",0
"White, Mr. Frank Leonard",0
"White, Mr. Leonard Lisle Oliver",0
"White, Mr. Percival Wayland",0
"White, Mr. Richard Frasar",0
"Whitford, Mr. Alfred Henry",0
"Wick, Mr. George Dennick",0
"Widegren, Mr. Carl / Charles Peter",0
"Widener, Mr. George Dunton",0
"Widener, Mr. Harry Elkins",0
"Wiklund, Mr. Jakob Alfred",0
"Wiklund, Mr. Karl Johan",0
"Wilde, Mr. Henry Tingle",0
"Willer, Mr. Aaron",0
"Willey, Mr. Edward",0
"Williams, Mr. Arthur John",0
"Williams, Mr. Charles Duane",0
"Williams, Mr. Fletcher Fellowes Lambert",0
"Williams, Mr. Howard Hugh ""Harry""",0
"Williams, Mr. Leslie",0
"Williams, Mr. Samuel Solomon",0
"Williamson, Mr. James Bertram",0
"Willis, Mr. William",0
"Willsher, Mr. William Aubrey",0
"Wilson, Mr. Herbert 'Bertie'",0
"Wilton, Mr. William Edward",0
"Windeløv, Mr. Einar",0
"Winser, Mr. Rowland",0
"Wirz, Mr. Albert",0
"Wiseman, Mr. Philippe",0
"Witcher, Mr. Albert Ernest",0
"Witt, Mr. Henry Dennis",0
"Wittevrongel, Mr. Camilius Aloysius",0
"Wittman, Mr. Henry",0
"Wood, Mr. Henry",0
"Wood, Mr. James Thomas",0
"Woodford, Mr. Frederick Ernest",0
"Woodward, Mr. John Wesley",0
"Woody, Mr. Oscar Scott",0
"Wormald, Mr. Henry Frederick Charles",0
"Worthman, Mr. William Henry",0
"Wrapson, Mr. Frederick Bernard",0
"Wright, Mr. Frederick",0
"Wright, Mr. George",0
"Wyeth, Mr. James Robert",0
"Yasbeck, Mr. Antoni",0
"Young, Mr. Francis James",0
"Yousseff (abi saab), Mr. Gerios",0
"Youssiff (sam'aan), Mr. Gerios",0
"Yvois, Miss. Henriette",0
"Zakarian, Mr. Mapriededer",0
"Zakarian, Mr. Ortin",0
"Zanetti, Sig.. Minio",0
"Zarracchi, Sig.. L.",0
"Zimmermann, Mr. Leo",0
"Ådahl, Mr. Mauritz Nils Martin",0
"Ödahl, Mr. Nils Martin",0
"Abbott, Mrs. Rhoda Mary 'Rosa'",1
"Abelseth, Miss. Karen Marie",1
"Abelseth, Mr. Olaus Jørgensen",1
"Abelson, Mrs. Hannah",1
"Abrahamsson, Mr. Abraham August Johannes",1
"Abrahim, Mrs. Mary Sophie Halaut",1
"Aks, Master. Frank Philip",1
"Aks, Mrs. Leah",1
"Albimona, Mr. Nassef Cassem",1
"Allen, Miss. Elisabeth Walton",1
"Allen, Mr. Ernest Frederick",1
"Allison, Master. Hudson Trevor",1
"Andersen-jensen, Miss. Carla Christine Nielsine",1
"Anderson, Mr. Harry",1
"Anderson, Mr. James",1
"Andersson, Miss. Erna Alexandra",1
"Andrews, Miss. Kornelia Theodosia",1
"Andrews, Mr. Charles Edward",1
"Angle, Mrs. Florence ""Mary"" Agnes",1
"Appleton, Mrs. Charlotte",1
"Archer, Mr. Ernest Edward",1
"Asplund, Master. Edvin Rojj Felix",1
"Asplund, Miss. Lillian Gertrud",1
"Asplund, Mr. Johan Charles",1
"Asplund, Mrs. Selma Augusta Emilia",1
"Assaf, Mrs. Mariana",1
"Astor, Mrs. Madeleine Talmage",1
"Aubart, Mme.. Léontine Pauline",1
"Avery, Mr. James Albert",1
"Ayoub daher, Miss. Banoura",1
"Backström, Mrs. Maria Mathilda",1
"Baclini, Miss. Eugenie",1
"Baclini, Miss. Helene Barbara",1
"Baclini, Miss. Marie Catherine",1
"Baclini, Mrs. Latifa",1
"Badman, Miss. Emily Louisa",1
"Baggott, Mr. Allen Marden",1
"Bailey, Mr. Henry Joseph",1
"Ball, Mr. Percy",1
"Ball, Mrs. Ada E.",1
"Banski, Mrs. Mara",1
"Barber, Miss. Ellen Mary",1
"Barkworth, Mr. Algernon Henry",1
"Barrett, Mr. Frederick",1
"Baxter, Mrs. Hélène",1
"Bazzani, Mrs. Albina",1
"Beane, Mr. Edward",1
"Beane, Mrs. Ethel",1
"Beauchamp, Mr. George William",1
"Becker, Master. Richard F.",1
"Becker, Miss. Marion Louise",1
"Becker, Miss. Ruth Elizabeth",1
"Becker, Mrs. Nellie E.",1
"Beckwith, Mr. Richard Leonard",1
"Beckwith, Mrs. Sallie",1
"Beesley, Mr. Lawrence",1
"Behr, Mr. Karl Howell",1
"Bennett, Mrs. Mabel",1
"Bentham, Miss. Lillian W.",1
"Bessette, Miss. Nellie Mayo",1
"Bidois, Miss. Rosalie",1
"Bing, Mr. Lee",1
"Binstead, Mr. Walter William",1
"Bird, Miss. Ellen",1
"Bishop, Mr. Dickinson H.",1
"Bishop, Mrs. Helen",1
"Björnström-steffansson, Mr. Mauritz Hokan",1
"Blake, Mr. Percival Albert",1
"Blank, Mr. Henry",1
"Bliss, Mrs. Emma",1
"Bonnell, Miss. Caroline",1
"Bonnell, Miss. Elizabeth",1
"Bowen, Miss. Grace Scott",1
"Bowerman, Miss. Elsie Edith",1
"Bowker, Miss. Ruth",1
"Boxhall, Mr. Joseph Groves",1
"Bradley, Miss. Bridget Delia",1
"Brereton, Mr. George Andrew",1
"Brice, Mr. Walter Thomas",1
"Bride, Mr. Harold Sydney",1
"Bright, Mr. Arthur John",1
"Brown, Miss. Amelia Mary",1
"Brown, Miss. Edith Eileen",1
"Brown, Mr. Edward",1
"Brown, Mrs. Caroline Lane",1
"Brown, Mrs. Elizabeth Catherine",1
"Brown, Mrs. Margaret",1
"Bryhl, Miss. Dagmar Jenny Ingeborg",1
"Buckley, Mr. Daniel",1
"Bucknell, Mrs. Emma Eliza",1
"Buley, Mr. Edward John",1
"Burgess, Mr. Charles",1
"Burke, Mr. William",1
"Burns, Miss. Elizabeth Margaret",1
"Burrage, Mr. Arthur Victor Edwards",1
"Buss, Miss. Kate",1
"Byström, Mrs. Karolina",1
"Calderhead, Mr. Edward Pennington",1
"Caldwell, Master. Alden Gates",1
"Caldwell, Mr. Albert Francis",1
"Caldwell, Mrs. Sylvia Mae",1
"Cameron, Miss. Clear Annie",1
"Candee, Mrs. Helen Churchill",1
"Cardeza, Mr. Thomas Drake Martinez",1
"Cardeza, Mrs. Charlotte Wardle",1
"Carter, Master. William Thornton II",1
"Carter, Miss. Lucile Polk",1
"Carter, Mr. William Ernest",1
"Carter, Mrs. Lucile",1
"Cassebeer, Mrs. Eleanor Genevieve",1
"Caton, Miss. Annie",1
"Cavell, Mr. George Henry",1
"Cavendish, Mrs. Julia Florence",1
"Chaffee, Mrs. Carrie Constance",1
"Chambers, Mr. Norman Campbell",1
"Chambers, Mrs. Bertha",1
"Chapman, Mr. Joseph Charles",1
"Chaudanson, Miss. Victorine",1
"Cherry, Miss. Gladys",1
"Chevré, Mr. Paul Romaine Marie Léonce",1
"Chibnall, Mrs. Edith Martha Bowerman",1
"Chip, Mr. Chang",1
"Christy, Miss. Rachel Juli Cohen",1
"Christy, Mrs. Alice Frances",1
"Clark, Mr. William",1
"Clark, Mrs. Virginia Estelle",1
"Clarke, Mrs. Ada Maria",1
"Cleaver, Miss. Alice Catherine",1
"Clench, Mr. Frederick Charles",1
"Cohen, Mr. Gurshon ""Gus""",1
"Colgan, Mr. E. Joseph",1
"Collett, Mr. Sidney Clarence Stuart",1
"Collins, Mr. John",1
"Collins, Mr. John",1
"Collyer, Miss. Marjorie Charlotte",1
"Collyer, Mrs. Charlotte Annie",1
"Combes, Mr. George",1
"Compton, Miss. Sara Rebecca",1
"Compton, Mrs. Mary Eliza",1
"Connolly, Miss. Kate",1
"Cook, Mrs. Selena",1
"Cornell, Mrs. Malvina Helen",1
"Corr, Miss. Helen",1
"Couper, Mr. Robert Frederick William",1
"Coutts, Master. Neville Leslie",1
"Coutts, Master. William Loch ""Willie""",1
"Coutts, Mrs. Winnie ""Minnie""",1
"Crafter, Mr. Frederick Horace",1
"Crawford, Mr. Alfred George",1
"Cribb, Miss. Laura Mae",1
"Crimmins, Mr. James",1
"Crosby, Miss. Harriette Rebecca",1
"Crosby, Mrs. Catherine Elizabeth",1
"Crowe, Mr. George Frederick",1
"Cullen, Mr. Charles James",1
"Cumings, Mrs. Florence Briggs",1
"Cunningham, Mr. Andrew Orr",1
"Dahl, Mr. Charles Edward",1
"Daly, Miss. Margaret Marcella ""Maggie""",1
"Daly, Mr. Eugene Patrick",1
"Daly, Mr. Peter Dennis",1
"Daniel, Mr. Robert Williams",1
"Daniels, Miss. Sarah",1
"Daniels, Mr. Sidney Edward",1
"Davidson, Mrs. Orian",1
"Davies, Master. John Morgan jr",1
"Davies, Mrs. Elizabeth Agnes Mary",1
"Davis, Miss. Mary",1
"Davison, Mrs. Mary E.",1
"De messemaeker, Mr. Guillaume Joseph",1
"De messemaeker, Mrs. Anna",1
"De mulder, Mr. Theodoor",1
"Dean, Master. Bertram Vere",1
"Dean, Miss. Elizabeth Gladys 'Millvina'",1
"Dean, Mrs. Eva Georgetta",1
"Del carlo, Mrs. Argene",1
"Devaney, Miss. Margaret Delia",1
"Diaper, Mr. John Joseph",1
"Dick, Mr. Albert Adrian",1
"Dick, Mrs. Vera",1
"Dilley, Mr. John",1
"Dillon, Mr. Thomas Patrick",1
"Dodge, Dr. Washington",1
"Dodge, Master. Washington",1
"Dodge, Mrs. Ruth",1
"Doel, Mr. Frederick",1
"Doling, Miss. Elsie",1
"Doling, Mrs. Ada Julia Elizabeth",1
"Dore, Mr. Albert James",1
"Dorking, Mr. Edward Arthur",1
"Douglas, Mrs. Mahala",1
"Douglas, Mrs. Mary Hélène",1
"Dowdell, Miss. Elizabeth",1
"Drew, Master. Marshall Brines",1
"Drew, Mrs. Lulu Thorne",1
"Dropkin, Miss. Jennie",1
"Duff gordon, . Lucy Christiana, Lady",1
"Duff gordon, Sir. Cosmo Edmund",1
"Duquemin, Mr. Joseph Pierre",1
"Duran y more, Sra.. Asuncion",1
"Durán i moné, Sra.. Florentina",1
"Dyker, Mrs. Anna Elisabeth Judith",1
"Dymond, Mr. Frank",1
"Earnshaw, Mrs. Olive",1
"Ellis, Mr. John Bertie",1
"Emanuel, Miss. Virginia Ethel",1
"Endres, Miss. Caroline Louise",1
"Etches, Mr. Henry Samuel",1
"Eustis, Miss. Elizabeth Mussey",1
"Evans, Mr. Alfred Frank",1
"Evans, Mr. Frank Oliver",1
"Faulkner, Mr. William Stephen",1
"Finoli, Mr. Luigi",1
"Fitzpatrick, Mr. Cecil William",1
"Flarty, Mr. Edward",1
"Fleet, Mr. Frederick",1
"Flegenheim, Mrs. Antoinette",1
"Fleming, Miss. Margaret",1
"Flynn, Mr. John Irwin",1
"Foley, Mr. John",1
"Foley, Mr. Wilfred Cyril",1
"Foo, Mr. Choong",1
"Fortune, Miss. Alice Elizabeth",1
"Fortune, Miss. Ethel Flora",1
"Fortune, Miss. Mabel Helen",1
"Fortune, Mrs. Mary",1
"Forward, Mr. James",1
"Francatelli, Miss. Laura Mabel",1
"Frauenthal, Dr. Henry William",1
"Frauenthal, Mr. Isaac Gerald",1
"Frauenthal, Mrs. Clara",1
"Fredericks, Mr. Walter Francis",1
"Fryer, Mr. Albert Ernest",1
"Frölicher, Miss. Hedwig Margaritha",1
"Frölicher-stehli, Mr. Maximilian Josef",1
"Frölicher-stehli, Mrs. Margaretha Emerentia",1
"Futrelle, Mrs. Lily May",1
"Garside, Miss. Ethel",1
"George/joseph, Mrs. Shawneene",1
"Gibbons, Mr. Jacob William",1
"Gibson, Miss. Dorothy Winifred",1
"Gibson, Mrs. Pauline Caroline",1
"Gieger, Miss. Amalie",1
"Gilnagh, Miss. Mary Katherine",1
"Glynn, Miss. Mary Agatha",1
"Godley, Mr. George Auguste",1
"Gold, Mrs. Jane Kate Coulson",1
"Goldenberg, Mr. Samuel L.",1
"Goldenberg, Mrs. Nella",1
"Goldsmith, Master. Frank John William",1
"Goldsmith, Mrs. Emily Alice",1
"Gracie, Colonel. Archibald",1
"Graham, Miss. Margaret Edith",1
"Graham, Mr. Thomas G.",1
"Graham, Mrs. Edith",1
"Greenfield, Mr. William Bertram",1
"Greenfield, Mrs. Blanche",1
"Gregson, Miss. Mary",1
"Guy, Mr. Elgar John",1
"Haggan, Mr. John",1
"Haines, Mr. Albert",1
"Hakkarainen, Mrs. Elin Matilda",1
"Halford, Mr. Walter Stamford",1
"Hannah, Mr. Borak (""Hannah Assi Borah"")",1
"Hansen, Mrs. Jennie Louise",1
"Harder, Mr. George Achilles",1
"Harder, Mr. William",1
"Harder, Mrs. Dorothy",1
"Hardwick, Mr. Reginald",1
"Hardy, Mr. John",1
"Harper, Miss. Annie Jessie",1
"Harper, Mr. Henry Sleeper",1
"Harper, Mrs. Myna",1
"Harris, Mr. Frederick",1
"Harris, Mr. George",1
"Harris, Mrs. Irene",1
"Harrison, Mr. Aragõa Drummond",1
"Hart, Miss. Eva Miriam",1
"Hart, Mr. John Edward",1
"Hart, Mrs. Esther Ada",1
"Hartnell, Mr. Fred",1
"Hassab, Mr. Hammad",1
"Hawksford, Mr. Walter James",1
"Hays, Miss. Margaret Bechstein",1
"Hays, Mrs. Clara Jennings",1
"Healy, Miss. Hanora ""Nora""",1
"Hebb, Mr. William Albert",1
"Hedman, Mr. Oskar Arvid",1
"Hee, Mr. Ling",1
"Heikkinen, Miss. Laina",1
"Hellström, Miss. Hilda Maria",1
"Hemming, Mr. Samuel Ernest",1
"Hendrickson, Mr. Charles Osker",1
"Herman, Miss. Alice",1
"Herman, Miss. Kate",1
"Herman, Mrs. Jane",1
"Hewlett, Mrs. Mary Dunbar",1
"Hichens, Mr. Robert",1
"Hippach, Miss. Jean Gertrude",1
"Hippach, Mrs. Ida Sophia",1
"Hirvonen, Miss. Hildur Elisabeth",1
"Hirvonen, Mrs. Helga Elisabeth Lindqvist",1
"Hocking, Miss. Ellen ""Nellie""",1
"Hocking, Mrs. Elizabeth ""Eliza""",1
"Hogeboom, Mrs. Anna Louisa",1
"Hogg, Mr. George Alfred",1
"Hold, Mrs. Annie Margaret",1
"Holverson, Mrs. Mary Aline",1
"Homer, Mr. Harry",1
"Honkanen, Miss. Eliina",1
"Hopkins, Mr. Robert John",1
"Horswill, Mr. Albert Edward James",1
"Hosono, Mr. Masabumi",1
"Howard, Miss. May Elizabeth",1
"Hoyt, Mr. Frederick Maxfield",1
"Hoyt, Mrs. Jane Anne",1
"Humphreys, Mr. Sidney James",1
"Hunt, Mr. Albert Sylvanus",1
"Hurst, Mr. Walter",1
"Hyland, Mr. James Leo",1
"Hyman, Mr. Abraham Joseph",1
"Hämäläinen, Master. Viljo Unto Johannes",1
"Hämäläinen, Mrs. Anna",1
"Icard, Miss. Rose Amélie",1
"Ilett, Miss. Bertha",1
"Ismay, Mr. Joseph Bruce",1
"Jacobsohn, Mrs. Amy Frances Christy",1
"Jal?evac, Mr. Ivan",1
"Jansson, Mr. Carl Olof",1
"Jermyn, Miss. Annie Jane",1
"Jerwan, Mrs. Marie Marthe",1
"Jessop, Miss. Violet Constance",1
"Jewell, Mr. Archie",1
"Johannesen, Mr. Bernt Johannes",1
"Johansson palmquist, Mr. Oskar Leander",1
"Johnson, Master. Harold Theodor",1
"Johnson, Miss. Eleanor Ileen",1
"Johnson, Mrs. Elisabeth Vilhelmina",1
"Johnston, Mr. James",1
"Jones, Mr. Thomas William",1
"Jonsson, Mr. Carl",1
"Joughin, Mr. Charles John",1
"Judd, Mr. Charles Edward",1
"Jussila, Mr. Eiriik",1
"Kantor, Mrs. Miriam",1
"Karlsson, Mr. Einar Gervasius",1
"Karun, Miss. Manca",1
"Karun, Mr. Franz",1
"Kasper, Mr. F.",1
"Keane, Miss. Nora Agnes",1
"Keen, Mr. Percy Edward",1
"Kelly, Miss. Anna Katherine",1
"Kelly, Miss. Mary",1
"Kelly, Mrs. Fanny Maria",1
"Kemish, Mr. George",1
"Kennedy, Mr. John",1
"Kenyon, Mrs. Marion",1
"Kimball, Mr. Edwin Nelson Jr.",1
"Kimball, Mrs. Gertrude",1
"Kink, Mr. Anton",1
"Kink-heilmann, Miss. Luise Gretchen",1
"Kink-heilmann, Mrs. Luise",1
"Knight, Mr. George",1
"Knowles, Mr. Thomas",1
"Krekorian, Mr. Neshan",1
"Kreuchen, Miss. Emilie",1
"Lam, Mr. Ali",1
"Landergren, Miss. Aurora Adelia",1
"Lang, Mr. Fang",1
"Laroche, Miss. Louise",1
"Laroche, Miss. Simonne Marie Anne Andrée",1
"Laroche, Mrs. Juliette Marie Louise",1
"Lavington, Miss. Elizabeth",1
"Leader, Dr. Alice",1
"Leather, Mrs. Elizabeth Mary",1
"Lee, Mr. Henry Reginald",1
"Lee, Mr. Reginald Robinson",1
"Lehmann, Miss. Bertha",1
"Leitch, Miss. Jessie Wills",1
"Lemore, Mrs. Amelia",1
"Leroy, Miss. Berthe",1
"Lesueur, Mr. Gustave J.",1
"Lewis, Mr. Arthur Ernest Read",1
"Lightoller, Mr. Charles Herbert",1
"Lindqvist, Mr. Eino William",1
"Lindsay, Mr. William Charles",1
"Lindström, Mrs. Sigrid",1
"Lines, Miss. Mary Conover",1
"Lines, Mrs. Elizabeth Lindsey",1
"Littlejohn, Mr. Alexander James",1
"Longley, Miss. Gretchen Fiske",1
"Louch, Mrs. Alice Adelaide",1
"Lowe, Mr. Harold Godfrey",1
"Lucas, Mr. William Arthur",1
"Lucas, Mr. William Watson",1
"Lulic, Mr. Nikola",1
"Lundin, Miss. Olga Elida",1
"Lundström, Mr. Thure Edvin",1
"Lurette, Miss. Eugénie Elise",1
"Mackay, Mr. Charles Donald",1
"Madigan, Miss. Margaret",1
"Madill, Miss. Georgette Alexandra",1
"Madsen, Mr. Fridtjof Arne",1
"Maioni, Miss. Roberta Elizabeth Mary",1
"Major, Mr. William James",1
"Mallet, Master. André Clement",1
"Mallet, Mrs. Antonine Marie",1
"Mamee, Mr. Hanna",1
"Mannion, Miss. Margaret",1
"Marsden, Miss. Evelyn",1
"Martin, Miss. Mabel Elvina",1
"Martin, Mrs. Annie Martha",1
"Marvin, Mrs. Mary Graham Carmichael",1
"Maréchal, Mr. Pierre",1
"Mason, Mr. Frank Archibald Robert",1
"Mauge, Mr. Paul Achille Maurice Germain",1
"Maynard, Mr. Isaac Hiram",1
"Mayné, Mlle. Berthe Antonine",1
"Mayzes, Mr. Thomas Jubilee",1
"Mccarthy, Miss. Catherine ""Katie""",1
"Mccarthy, Mr. William",1
"Mccormack, Mr. Thomas Joseph",1
"Mccoy, Miss. Agnes",1
"Mccoy, Miss. Alicia",1
"Mccoy, Mr. Bernard",1
"Mcdermott, Miss. Bridget Delia",1
"Mcgann, Mr. James",1
"Mcgough, Mr. George Francis 'Paddy'",1
"Mcgough, Mr. James Robert",1
"Mcgovern, Ms. Mary",1
"Mcgowan, Miss. Anna ""Annie""",1
"Mcintyre, Mr. William",1
"Mclaren, Mrs. Hypatia",1
"Mcmicken, Mr. Arthur",1
"Mellinger, Miss. Madeleine Violet",1
"Mellinger, Mrs. Elizabeth Anne",1
"Mellors, Mr. William John",1
"Meyer, Mrs. Leila",1
"Midtsjø, Mr. Karl Albert",1
"Mills, Mr. Christopher",1
"Minahan, Miss. Daisy E.",1
"Minahan, Mrs. Lillian E.",1
"Mock, Mr. Philipp Edmund",1
"Mockler, Miss. Ellen Mary",1
"Moor, Master. Meier",1
"Moor, Mrs. Beila",1
"Moore, Mr. George Alfred",1
"Moore, Mr. John J.",1
"Moran, Miss. Bertha Bridget",1
"Morris, Mr. Frank Herbert",1
"Moss, Mr. Albert Johan",1
"Moubarek, Master. Gerios (""George _"")",1
"Moubarek, Master. Halim Gonios (""William George"")",1
"Moubarek, Mrs. Omine",1
"Moussa, Mrs. Mantoura Boulos",1
"Mousselmani, Mrs. Fatima",1
"Mullen, Miss. Katherine ""Katie""",1
"Mulvihill, Miss. Bridget Elizabeth",1
"Murdock, Mr. William John",1
"Murphy, Miss. Catherine ""Kate""",1
"Murphy, Miss. Margaret Jane ""Mary"" ""Maggie""",1
"Murphy, Miss. Nora",1
"Najib kiamie, Miss. Adele ""Jane""",1
"Nakid, Miss. Maria",1
"Nakid, Mr. Sahid",1
"Nakid, Mrs. Waika ""Mary""",1
"Nasser, Mrs. Adele",1
"Navratil, Master. Edmond Roger",1
"Navratil, Master. Michel Marcel",1
"Neal, Mr. Bentley Harold",1
"Newell, Miss. Madeleine",1
"Newell, Miss. Marjorie Anne",1
"Newsom, Miss. Helen Monypeny",1
"Nichols, Mr. Walter Henry",1
"Nicola-yarred, Master. Elias (""Louis Garrett"")",1
"Nicola-yarred, Miss. Jamila (""Amelia Garrett"")",1
"Nilsson, Miss. Berta Olivia",1
"Nilsson, Miss. Helmina Josefina",1
"Niskänen, Mr. Juha",1
"Noss, Mr. Henry",1
"Nourney, Mr. Alfred",1
"Nutbean, Mr. William",1
"Nye, Mrs. Elizabeth",1
"Nysten, Miss. Anna Sofia",1
"O'brien, Mrs. Johanna ""Hannah""",1
"O'connor, Mr. John",1
"O'driscoll, Miss. Bridget",1
"O'dwyer, Miss. Ellen ""Nellie""",1
"O'keefe, Mr. Patrick",1
"O'leary, Miss. Hanora ""Nora""",1
"Oliva y ocana, Doña. Fermina",1
"Oliver, Mr. H.",1
"Olliver, Mr. Alfred John",1
"Olsen, Master. Artur Karl",1
"Olsson, Mr. Oscar Wilhelm",1
"Omont, Mr. Alfred Fernand",1
"Osman, Mr. Frank",1
"Othen, Mr. Charles Alfred",1
"Oxenham, Mr. Percy Thomas",1
"Padron manent, Mr. Julian",1
"Pallàs i castelló, Sr.. Emili",1
"Parrish, Mrs. Lutie Davis",1
"Pascoe, Mr. Charles H.",1
"Pearce, Mr. John",1
"Pearcey, Mr. Albert Victor",1
"Pears, Mrs. Edith",1
"Pelham, Mr. George",1
"Perkis, Mr. Walter John",1
"Perreault, Miss. Mary Anne",1
"Perry, Mr. Edgar Lionel",1
"Persson, Mr. Ernst Ulrik",1
"Peter / joseph, Master. Michael J. (""Michael Joseph"")",1
"Peter / joseph, Miss. Anna (""Mary Joseph"")",1
"Peter / joseph, Mrs. Catherine",1
"Peters, Mr. William Chapman",1
"Peuchen, Major. Arthur Godfrey",1
"Peñasco y castellana, Mrs. Maria Josefa Perezde Soto y Vallejo",1
"Pfropper, Mr. Richard Paul Jozef",1
"Phillimore, Mr. Harold Charles William",1
"Phillips, Miss. Alice Frances Louisa",1
"Phillips, Miss. Kate Florence",1
"Pickard, Mr. Berk",1
"Pinsky, Mrs. Rosa",1
"Pitman, Mr. Herbert John",1
"Podesta, Mr. Alfred John Alexander",1
"Poingdestre, Mr. John Thomas",1
"Port, Mr. Frank",1
"Portaluppi, Mr. Emilio Ilario Giuseppe",1
"Potter, Mrs. Lily Alexenia",1
"Prangnell, Mr. George Alexander",1
"Prentice, Mr. Frank Winnold",1
"Prichard, Mrs. Alice Maud",1
"Priest, Mr. Arthur John",1
"Prior, Mr. Harold John Arnold",1
"Pugh, Mr. Alfred",1
"Pusey, Mr. William Robert Holland",1
"Quick, Miss. Phyllis May",1
"Quick, Miss. Winifred Vera",1
"Quick, Mrs. Jane",1
"Ranger, Mr. Thomas",1
"Ray, Mr. Frederick Dent",1
"Renouf, Mrs. Lillian",1
"Reynalds, Sra.. Encarnación",1
"Rheims, Mr. George Alexander Lucien",1
"Rice, Mr. Charles",1
"Richards, Master. Sibley George",1
"Richards, Master. William Rowe",1
"Richards, Mrs. Emily",1
"Ridsdale, Miss. Lucy",1
"Riordan, Miss. Hannah",1
"Robert, Mrs. Elisabeth Walton",1
"Roberts, Mrs. Mary Kezia",1
"Robinson, Mrs. Annie",1
"Romaine, Mr. Charles Hallace",1
"Rosenbaum, Miss. Edith Louise",1
"Ross, Mr. Horace Leopold",1
"Roth, Miss. Sarah A.",1
"Rothes, . Lucy Noël Martha, Countess of",1
"Rothschild, Mrs. Elizabeth Jane Anne",1
"Rowe, Mr. George Thomas",1
"Rugg, Miss. Emily",1
"Rule, Mr. Samuel James",1
"Ryan, Mr. Edward",1
"Ryerson, Master. John Borie",1
"Ryerson, Miss. Emily Borie",1
"Ryerson, Miss. Susan Parker ""Suzette""",1
"Ryerson, Mr. William Edwy",1
"Ryerson, Mrs. Emily Maria",1
"Saalfeld, Mr. Adolphe",1
"Salkjelsvik, Miss. Anna Kristine",1
"Salomon, Mr. Abraham Lincoln",1
"Sandström, Miss. Beatrice Irene",1
"Sandström, Miss. Marguerite Rut",1
"Sandström, Mrs. Agnes Charlotta",1
"Sap, Mr. Julius (""Jules _"")",1
"Savage, Mr. Charles Joseph",1
"Scarrott, Mr. Joseph George",1
"Schabert, Mrs. Emma",1
"Scheerlinck, Mr. Jean",1
"Scott, Mr. Frederick William",1
"Self, Mr. Albert Charles Edward",1
"Senior, Mr. Harry",1
"Serreplan, Miss. Auguste",1
"Seward, Mr. Frederic Kimber",1
"Seward, Mr. Wilfred Deable",1
"Sheath, Mr. Frederick",1
"Shelley, Mrs. Imanita Parrish",1
"Shiers, Mr. Alfred Charles",1
"Shine, Miss. Ellen Natalia",1
"Shutes, Miss. Elizabeth Weed",1
"Silverthorne, Mr. Spencer Victor",1
"Silvey, Mrs. Alice",1
"Silvén, Miss. Lyyli Karoliina",1
"Simmons, Mr. Andrew George James",1
"Simonius-blumer, Mr. Colonel (Oberst) Alfons",1
"Sincock, Miss. Maude",1
"Sinkkonen, Miss. Anna",1
"Sjöblom, Miss. Anna Sofia",1
"Slayter, Miss. Hilda Mary",1
"Sloan, Miss. Mary",1
"Slocombe, Mrs. Maude Louise",1
"Sloper, Mr. William Thompson",1
"Smith, Miss. Katherine Elizabeth",1
"Smith, Miss. Marion Elsie",1
"Smith, Mrs. Mary Eloise",1
"Smyth, Miss. Julia",1
"Snow, Mr. Eustace Philip",1
"Snyder, Mr. John Pillsbury",1
"Snyder, Mrs. Nelle",1
"Sparkman, Mr. Henry William",1
"Spedden, Master. Robert Douglas",1
"Spedden, Mr. Frederic Oakley",1
"Spedden, Mrs. Margaretta Corning",1
"Spencer, Mrs. Marie Eugenie",1
"Stanley, Miss. Amy Zillah Elsie",1
"Stap, Miss. Sarah Agnes",1
"Stengel, Mr. Charles Emil Henry",1
"Stengel, Mrs. Annie May",1
"Stephenson, Mrs. Martha",1
"Stewart, Mr. John",1
"Stone, Mrs. Martha Evelyn",1
"Strandén, Mr. Juho Niilosson",1
"Street, Mr. Thomas Albert",1
"Stähelin-maeglin, Dr. Max",1
"Sunderland, Mr. Victor Francis",1
"Sundman, Mr. Johan Julian",1
"Svensson, Mr. Johan Cervin",1
"Swift, Mrs. Margaret Welles",1
"Symons, Mr. George Thomas Macdonald",1
"Sägesser, Mlle. Emma",1
"Taussig, Miss. Ruth",1
"Taussig, Mrs. Tillie",1
"Taylor, Mr. Elmer Zebley",1
"Taylor, Mr. George",1
"Taylor, Mr. William Henry",1
"Taylor, Mrs. Juliet Cummins",1
"Tenglin, Mr. Gunnar Isidor",1
"Terrell, Mr. Frank",1
"Thayer, Mr. John Borland jr",1
"Thayer, Mrs. Marian Longstreth",1
"Theissinger, Mr. Alfred",1
"Thomas, Mr. Albert Charles",1
"Thomas, Mr. Benjamin James",1
"Thomas, Mrs. Thamine ""Thelma""",1
"Thomas/tannous, Master. Assad Alexander",1
"Thompson, Mr. John William",1
"Thorne, Miss. Gertrude Maybelle",1
"Thorneycroft, Mrs. Florence Kate",1
"Threlfall, Mr. Thomas",1
"Thresher, Mr. George Terrill",1
"Toms, Mr. Fred",1
"Toomey, Miss. Ellen Mary",1
"Touma, Master. Georges Youssef (""George Thomas"")",1
"Touma, Miss. Maria Youssef (""Mary Thomas"")",1
"Touma, Mrs. Hanna Youssef",1
"Triggs, Mr. Robert",1
"Trout, Mrs. Jessie L.",1
"Troutt, Miss. Edwina Celia",1
"Tucker, Mr. Gilbert Milligan jr",1
"Turja, Miss. Anna Sofia",1
"Turkula, Mrs. Hedwig",1
"Törnquist, Mr. William Henry",1
"Vartanian, Mr. David",1
"Vigott, Mr. Philip Francis",1
"Wallcroft, Miss. Ellen 'Nellie'",1
"Ward, Miss. Annie Moore",1
"Ward, Mr. William",1
"Ware, Mrs. Florence Louise",1
"Warren, Mrs. Anna Sophia",1
"Watt, Miss. Robertha Josephine",1
"Watt, Mrs. Elizabeth ""Bessie"" Inglis",1
"Webber, Miss. Susan",1
"Weikman, Mr. Augustus Henry",1
"Weisz, Mrs. Mathilde Françoise",1
"Weller, Mr. William Clifford",1
"Wells, Master. Ralph Lester",1
"Wells, Miss. Joan",1
"Wells, Mrs. ""Addie"" Dart",1
"Wennerström, Mr. August",1
"West, Miss. Barbara Joyce",1
"West, Miss. Constance Mirium",1
"West, Mrs. Ada Mary",1
"Wheat, Mr. Joseph Thomas",1
"Wheelton, Mr. Edneser Edward",1
"Whilems, Mr. Charles",1
"White, Mr. Alfred",1
"White, Mr. William George",1
"White, Mrs. Ella",1
"Whiteley, Mr. Thomas Arthur",1
"Wick, Miss. Mary Natalie",1
"Wick, Mrs. Mary",1
"Widener, Mrs. Eleanor",1
"Widgery, Mr. James George",1
"Wilkes, Mrs. Ellen",1
"Wilkinson, Mrs. Elizabeth Anne",1
"Willard, Miss. Constance",1
"Williams, Mr. Charles Eugene",1
"Williams, Mr. Richard Norris II",1
"Williams, Mr. Walter John",1
"Wilson, Miss. Helen Alice",1
"Windebank, Mr. Alfred Edgar",1
"Witter, Mr. James William Cheetham",1
"Woolner, Mr. Hugh",1
"Wright, Miss. Marion",1
"Wright, Mr. William",1
"Wynn, Mr. Walter",1
"Yazbeck, Mrs. Selini",1
"Yearsley, Mr. Harry",1
"Young, Miss. Marie Grice",1
"Zenni, Mr. Philip",1
"Öhman, Miss. Velin",1
"Østby, Miss. Helen Ragnhild",1
